{
  "project_info": {
    "project_number": "346906752896",
    "project_id": "uasririnm",
    "storage_bucket": "uasririnm.firebasestorage.app"
  },
  "client": [
    {
      "client_info": {
        "mobilesdk_app_id": "1:346906752896:android:ab94f06bf40f5bb6f1f365",
        "android_client_info": {
          "package_name": "com.example.prtm2"
        }
      },
      "oauth_client": [
        {
          "client_id": "346906752896-di0tse5h1r6ms2svhlglp7a7lqk3j28e.apps.googleusercontent.com",
          "client_type": 1,
          "android_info": {
            "package_name": "com.example.prtm2",
            "certificate_hash": "3c1f9da58015c1ac012aab42c5e83aa179aca2e7"
          }
        },
        {
          "client_id": "346906752896-6cl4llhptpr4tfpnn2du5udrldb8ovit.apps.googleusercontent.com",
          "client_type": 3
        }
      ],
      "api_key": [
        {
          "current_key": "AIzaSyBjKF1ZSp6y0jNkBmjLztTdL_QY7wKnKrQ"
        }
      ],
      "services": {
        "appinvite_service": {
          "other_platform_oauth_client": [
            {
              "client_id": "346906752896-6cl4llhptpr4tfpnn2du5udrldb8ovit.apps.googleusercontent.com",
              "client_type": 3
            }
          ]
        }
      }
    }
  ],
  "configuration_version": "1"
}